dataset,frame_id,perturb_type,yaw_deg,pitch_deg,roll_deg,tx_m,ty_m,tz_m,points_inside_fov_ratio,box_point_retention_pct,edge_alignment_score,pixel_shift_rmse,num_labels
kitti_mini,000011,yaw,-2.0,0.0,0.0,0.0,0.0,0.0,18.403022110292213,39.12704598597038,43.29086685180664,31.087567068332607,6
kitti_mini,000011,yaw,-1.5,0.0,0.0,0.0,0.0,0.0,18.44283545053887,55.80670303975058,43.24580001831055,23.38948121601194,6
kitti_mini,000011,yaw,-1.0,0.0,0.0,0.0,0.0,0.0,18.455797933409873,72.17459080280592,42.74165344238281,15.635726906507013,6
kitti_mini,000011,yaw,-0.5,0.0,0.0,0.0,0.0,0.0,18.476167549350023,87.84099766173033,45.15391159057617,7.841217054069545,6
kitti_mini,000011,yaw,0.0,0.0,0.0,0.0,0.0,0.0,18.467834524647238,100.0,50.0498046875,0.0,6
kitti_mini,000011,yaw,0.5,0.0,0.0,0.0,0.0,0.0,18.467834524647238,86.51597817614964,49.03996276855469,7.836010011395502,6
kitti_mini,000011,yaw,1.0,0.0,0.0,0.0,0.0,0.0,18.473389874449094,72.48636009353079,47.502418518066406,15.628635185548413,6
kitti_mini,000011,yaw,1.5,0.0,0.0,0.0,0.0,0.0,18.47153809118181,57.3655494933749,45.77168655395508,23.37908386355862,6
kitti_mini,000011,yaw,2.0,0.0,0.0,0.0,0.0,0.0,18.48357468241917,42.6344505066251,45.46367645263672,31.085709608105873,6
kitti_mini,000011,yaw,3.0,0.0,0.0,0.0,0.0,0.0,18.46968630791452,17.77084957131723,47.099769592285156,46.37064802468333,6
kitti_mini,000010,yaw,-2.0,0.0,0.0,0.0,0.0,0.0,14.365480043149947,77.56252201479394,50.95756149291992,30.86631111041256,9
kitti_mini,000010,yaw,-1.5,0.0,0.0,0.0,0.0,0.0,14.324056094929883,83.33920394505108,50.87662887573242,23.19897262956826,9
kitti_mini,000010,yaw,-1.0,0.0,0.0,0.0,0.0,0.0,14.286947141316073,89.57379358929201,50.032203674316406,15.501149648296986,9
kitti_mini,000010,yaw,-0.5,0.0,0.0,0.0,0.0,0.0,14.2403451995685,94.8573441352589,50.48503875732422,7.767559394047282,9
kitti_mini,000010,yaw,0.0,0.0,0.0,0.0,0.0,0.0,14.2084142394822,100.0,51.96385192871094,0.0,9
kitti_mini,000010,yaw,0.5,0.0,0.0,0.0,0.0,0.0,14.16353829557713,94.75167312433955,51.573974609375,7.761203516349786,9
kitti_mini,000010,yaw,1.0,0.0,0.0,0.0,0.0,0.0,14.126429341963323,88.69320183163086,49.33915710449219,15.473637604563471,9
kitti_mini,000010,yaw,1.5,0.0,0.0,0.0,0.0,0.0,14.107443365695794,82.2824938358577,48.840057373046875,23.146383613923057,9
kitti_mini,000010,yaw,2.0,0.0,0.0,0.0,0.0,0.0,14.066019417475728,76.78760126805213,49.58678436279297,30.745806854829404,9
kitti_mini,000010,yaw,3.0,0.0,0.0,0.0,0.0,0.0,14.04185544768069,64.63543501232827,51.768272399902344,45.84739179370433,9
kitti_mini,000049,yaw,-2.0,0.0,0.0,0.0,0.0,0.0,15.735634307025181,80.39335450769607,63.588417053222656,31.0587705232151,18
kitti_mini,000049,yaw,-1.5,0.0,0.0,0.0,0.0,0.0,15.77609485359439,85.01099438064989,65.31221008300781,23.363794555292653,18
kitti_mini,000049,yaw,-1.0,0.0,0.0,0.0,0.0,0.0,15.820073708560924,90.21500122159784,67.21965789794922,15.620759034204083,18
kitti_mini,000049,yaw,-0.5,0.0,0.0,0.0,0.0,0.0,15.861413832229465,95.35792817004642,69.72171783447266,7.832907827978043,18
kitti_mini,000049,yaw,0.0,0.0,0.0,0.0,0.0,0.0,15.914188458189301,100.0,72.75811004638672,0.0,18
kitti_mini,000049,yaw,0.5,0.0,0.0,0.0,0.0,0.0,15.95025111926186,95.21133642804789,73.5701904296875,7.841374885583014,18
kitti_mini,000049,yaw,1.0,0.0,0.0,0.0,0.0,0.0,15.985434203235085,90.00732958709993,71.07819366455078,15.653631036729212,18
kitti_mini,000049,yaw,1.5,0.0,0.0,0.0,0.0,0.0,16.01973771010898,85.0598582946494,69.83162689208984,23.444551210129116,18
kitti_mini,000049,yaw,2.0,0.0,0.0,0.0,0.0,0.0,16.03381094369827,79.67261177620327,69.7853012084961,31.199185316741964,18
kitti_mini,000049,yaw,3.0,0.0,0.0,0.0,0.0,0.0,16.03557009789693,69.64329342780357,70.00940704345703,46.60484207602877,18
kitti_mini,000001,yaw,-2.0,0.0,0.0,0.0,0.0,0.0,15.48791033358832,14.563106796116504,61.643856048583984,31.413422861473208,3
kitti_mini,000001,yaw,-1.5,0.0,0.0,0.0,0.0,0.0,15.493730668174411,37.86407766990291,60.667545318603516,23.633970242438153,3
kitti_mini,000001,yaw,-1.0,0.0,0.0,0.0,0.0,0.0,15.494562144543853,57.28155339805825,60.33929443359375,15.801261354423428,3
kitti_mini,000001,yaw,-0.5,0.0,0.0,0.0,0.0,0.0,15.492899191804968,78.64077669902912,60.05332946777344,7.925678063198428,3
kitti_mini,000001,yaw,0.0,0.0,0.0,0.0,0.0,0.0,15.490404762696643,100.0,60.43079376220703,0.0,3
kitti_mini,000001,yaw,0.5,0.0,0.0,0.0,0.0,0.0,15.489573286327202,73.7864077669903,58.96826934814453,7.922994366645728,3
kitti_mini,000001,yaw,1.0,0.0,0.0,0.0,0.0,0.0,15.490404762696643,42.71844660194174,58.42744827270508,15.796544737832535,3
kitti_mini,000001,yaw,1.5,0.0,0.0,0.0,0.0,0.0,15.488741809957762,22.330097087378643,57.79200744628906,23.622193299767595,3
kitti_mini,000001,yaw,2.0,0.0,0.0,0.0,0.0,0.0,15.492899191804968,7.766990291262135,58.25727081298828,31.399483217913154,3
kitti_mini,000001,yaw,3.0,0.0,0.0,0.0,0.0,0.0,15.494562144543853,0.0,58.64506912231445,46.815319729030406,3
nuscenes_mini_subset,scene-0103_010,yaw,-2.0,0.0,0.0,0.0,0.0,0.0,8.951612903225808,60.24844720496895,35.59507751464844,51.55908547361834,15
nuscenes_mini_subset,scene-0103_010,yaw,-1.5,0.0,0.0,0.0,0.0,0.0,8.9573732718894,67.70186335403726,9.693204879760742,38.7578937452755,15
nuscenes_mini_subset,scene-0103_010,yaw,-1.0,0.0,0.0,0.0,0.0,0.0,8.968894009216589,78.26086956521739,9.639966011047363,25.897132696384663,15
nuscenes_mini_subset,scene-0103_010,yaw,-0.5,0.0,0.0,0.0,0.0,0.0,8.986175115207374,87.5776397515528,9.227851867675781,12.980487759726476,15
nuscenes_mini_subset,scene-0103_010,yaw,0.0,0.0,0.0,0.0,0.0,0.0,8.986175115207374,100.0,9.22890567779541,0.0,15
nuscenes_mini_subset,scene-0103_010,yaw,0.5,0.0,0.0,0.0,0.0,0.0,9.003456221198157,87.5776397515528,9.251477241516113,12.980006058466266,15
nuscenes_mini_subset,scene-0103_010,yaw,1.0,0.0,0.0,0.0,0.0,0.0,9.00057603686636,78.88198757763976,9.525938034057617,25.907144190633698,15
nuscenes_mini_subset,scene-0103_010,yaw,1.5,0.0,0.0,0.0,0.0,0.0,9.014976958525347,71.42857142857143,9.320469856262207,38.77579575555161,15
nuscenes_mini_subset,scene-0103_010,yaw,2.0,0.0,0.0,0.0,0.0,0.0,9.003456221198157,60.86956521739131,9.735136032104492,51.58700120827684,15
nuscenes_mini_subset,scene-0103_010,yaw,3.0,0.0,0.0,0.0,0.0,0.0,9.023617511520737,43.47826086956522,9.144187927246094,77.07723578878898,15
nuscenes_mini_subset,scene-0103_020,yaw,-2.0,0.0,0.0,0.0,0.0,0.0,8.658494475138122,78.80539499036608,2.581225633621216,52.380644204729286,26
nuscenes_mini_subset,scene-0103_020,yaw,-1.5,0.0,0.0,0.0,0.0,0.0,8.649861878453038,84.20038535645472,9.668595314025879,39.37054408961354,26
nuscenes_mini_subset,scene-0103_020,yaw,-1.0,0.0,0.0,0.0,0.0,0.0,8.638351749539595,89.01734104046243,3.8618624210357666,26.307597772976024,26
nuscenes_mini_subset,scene-0103_020,yaw,-0.5,0.0,0.0,0.0,0.0,0.0,8.635474217311234,95.37572254335261,23.037246704101562,13.18362748801833,26
nuscenes_mini_subset,scene-0103_020,yaw,0.0,0.0,0.0,0.0,0.0,0.0,8.603821362799263,100.0,13.033225059509277,0.0,26
nuscenes_mini_subset,scene-0103_020,yaw,0.5,0.0,0.0,0.0,0.0,0.0,8.580801104972375,94.41233140655106,26.116731643676758,13.183680865994464,26
nuscenes_mini_subset,scene-0103_020,yaw,1.0,0.0,0.0,0.0,0.0,0.0,8.554903314917127,89.21001926782274,17.066225051879883,26.302384299083425,26
nuscenes_mini_subset,scene-0103_020,yaw,1.5,0.0,0.0,0.0,0.0,0.0,8.552025782688766,83.23699421965318,33.099830627441406,39.378153852770346,26
nuscenes_mini_subset,scene-0103_020,yaw,2.0,0.0,0.0,0.0,0.0,0.0,8.531883057090239,76.30057803468208,0.0017156320391222835,52.369552011688405,26
nuscenes_mini_subset,scene-0103_020,yaw,3.0,0.0,0.0,0.0,0.0,0.0,8.517495395948435,64.73988439306359,9.797335624694824,78.24966378741699,26
